﻿name,prompt,negative_prompt
None,,
P danbooru,danbooru ,
NEG (s),,"(worst quality, low quality:1.4),"
NEG,,"(worst quality, low quality:1.4), (ugly:1.3), (fused fingers), (too many fingers), (bad anatomy:1.5), (watermark:1.5), (words), letters, untracked eyes, asymmetric eyes, floating head, (logo:1.5), (bad hands:1.3), (mangled hands:1.2), (missing hands), (missing arms), backward hands, floating jewelry, unattached jewelry, floating head, doubled head, unattached head, doubled head, head in body, (misshapen body:1.1), (badly fitted headwear:1.2), floating arms, (too many arms:1.5), limbs fused with body, (facial blemish:1.5), badly fitted clothes, imperfect eyes, untracked eyes, crossed eyes, hair growing from clothes, partial faces, hair not attached to head"
N 2,,"(worst quality, low quality:1.4), EasyNegative, bad anatomy, bad hands, cropped, missing fingers, too many fingers, missing arms, long neck, Humpbacked, deformed, disfigured, poorly drawn face, distorted face, mutation, mutated, extra limb, ugly, poorly drawn hands, missing limb, floating limbs, disconnected limbs, malformed hands, out of focus, long body, monochrome, symbol, {text}, {logo}, {brand mark}, decoration, naked"
bai mao,"{{{masterpiece}}}, best quality, illustration,dark background, sunlight, beautiful detailed eyes, 1girl, expressionless, blue eyes, {{{white short hair}}}, {{wavy hair}},{{{dishevled hair}}}, messy hair, long bangs, hairs between eyes, {{{{white bloomers}}}},{{open clothes}}",
sfw,"{{SFW}}，{{{masterpiece}}}, best quality, illustration",
nsfwp,"{{{nsfw}}},{{{masterpiece}}}, best quality, illustration,dark background, sunlight, beautiful detailed eyes,    {{{{white bloomers}}}},large breast,pink pussy",
P_flood," (((masterpiece))),best quality,ultra-detail, illustration, close-up, focus on pussy, 1 girl,  blue eyes, long hair, looking into the distance,beautiful detailed pink blue eyes, looking down,long beautiful hair,hair ornament, hair flower, cute, white flower,white_socks ,parted lips, blurry,  loose coat,thighhighs,bound_wrists,wavy hair, messy hair,dishevled hair, (virgin:1.5), (((cum inside))), ((wet labia)),((spread legs)),(hands up),(((white fluid flow  from pussy))),large breasts, ",
P_loli,"(child female:1), (little girl:1)","(ugly:1.3), (fused fingers), (too many fingers), (bad anatomy:1.5), (watermark:1.5), (words), letters, untracked eyes, asymmetric eyes, floating head, (logo:1.5), (bad hands:1.3), (mangled hands:1.2), (missing hands), (missing arms), backward hands, floating jewelry, unattached jewelry, floating head, doubled head, unattached head, doubled head, head in body, (misshapen body:1.1), (badly fitted headwear:1.2), floating arms, (too many arms:1.5), limbs fused with body, (facial blemish:1.5), badly fitted clothes, imperfect eyes, untracked eyes, crossed eyes, hair growing from clothes, partial faces, hair not attached to head"
lot band hang,"(7girls:1.6),   (((masterpiece))),best quality,ultra-detail, illustration, focus on pussy,  long hair, looking into the distance,beautiful detailed pink blue eyes,  hair flower, cute, white flower,parted lips, blurry,little girl, (virgin:1), (((nude))),(((cum inside))), ((wet labia)),(hands up),(((white fluid flow  from pussy))),(bondage:1.6) ,(hang on wall:1.6)",
nsfwBdg,"(bondage:1.6),{{{masterpiece}}}, best quality, illustration",
white elf bdg,"NSFW, (bondage),hang, large breasts, beautiful, (long hair), (elf), looking at viewer,  thigh, robe, white thighhighs, collar, nipples, masterpiece, illustration, (areolae), masturbation,(((beautiful pussy)))","small breasts, deformed, bad anatomy, disfigured, mutation, mutated, extra limbs, fat, obese, missing limb, floating limbs, disconnected limbs, long neck, long body, part of the head, poorly drawn feet, mutated skeleton, long skeleton, bad proportions, 2girls, snuggled,bad art, ugly, messy drawing, flesh pile,lowres, bad anatomy, bad hands, text, error, missing fingers, extra digit, fewer digits, cropped, worst quality, low quality, normal quality, jpeg artifacts, signature, watermark, username, blurry,tits, huge breast,poorly drawn face, poorly drawn asymmetrical eyes, big ears, mutated face,extra nipples,mutated hands and fingers, intricate human hands fingers, poorly drawn hands, malformed hands, bad hands,blur,deformed, bad anatomy, disfigured, mutation, mutated, extra limbs, ugly, fat, missing limb, floating limbs, disconnected limbs,long neck, long body, part of the head, mutated hands and fingers, intricate human hands fingers, poorly drawn hands, malformed hands, poorly drawn face, poorly drawn asymmetrical eyes,2faces,water mark,huge breasts,(huge breasts:1.5),cleavage of huge breasts,(pablo picasso), (H.R. Giger), (Gustave Dore), (Chaim Soutine), (Flora Borsi), (vincent van gogh), (paul gauguin), cubism,cowboy shot,cowboy,lowres, bad anatomy, bad hands, text, error, missing fingers, extra digit, fewer digits, cropped, worst quality, low quality, normal quality, jpeg artifacts, signature,watermark,username,blurry,(((nose)))"
bdg,"NSFW,{{{cute girl}}}, (((bondage))),hang, large breasts, beautiful, (long hair),  looking at viewer,  thigh, robe, white thighhighs, collar, nipples, masterpiece, illustration, (areolae), masturbation,(((beautiful pussy))),pee","small breasts, deformed, bad anatomy, disfigured, mutation, mutated, extra limbs, fat, obese, missing limb, floating limbs, disconnected limbs, long neck, long body, part of the head, poorly drawn feet, mutated skeleton, long skeleton, bad proportions, 2girls, snuggled,bad art, ugly, messy drawing, flesh pile,lowres, bad anatomy, bad hands, text, error, missing fingers, extra digit, fewer digits, cropped, worst quality, low quality, normal quality, jpeg artifacts, signature, watermark, username, blurry,tits, huge breast,poorly drawn face, poorly drawn asymmetrical eyes, big ears, mutated face,extra nipples,mutated hands and fingers, intricate human hands fingers, poorly drawn hands, malformed hands, bad hands,blur,deformed, bad anatomy, disfigured, mutation, mutated, extra limbs, ugly, fat, missing limb, floating limbs, disconnected limbs,long neck, long body, part of the head, mutated hands and fingers, intricate human hands fingers, poorly drawn hands, malformed hands, poorly drawn face, poorly drawn asymmetrical eyes,2faces,water mark,huge breasts,(huge breasts:1.5),cleavage of huge breasts,(pablo picasso), (H.R. Giger), (Gustave Dore), (Chaim Soutine), (Flora Borsi), (vincent van gogh), (paul gauguin), cubism,cowboy shot,cowboy,lowres, bad anatomy, bad hands, text, error, missing fingers, extra digit, fewer digits, cropped, worst quality, low quality, normal quality, jpeg artifacts, signature,watermark,username,blurry,(((nose)))"
cat bdg,"NSFW,{{{cute girl}}},kawaii, (((bondage))),hang, large breasts, beautiful, (long hair), looking at viewer,  thigh, robe, white thighhighs, collar, nipples, masterpiece, illustration, (areolae), masturbation,(((beautiful pussy))),pee","small breasts, deformed, bad anatomy, disfigured, mutation, mutated, extra limbs, fat, obese, missing limb, floating limbs, disconnected limbs, long neck, long body, part of the head, poorly drawn feet, mutated skeleton, long skeleton, bad proportions, 2girls, snuggled,bad art, ugly, messy drawing, flesh pile,lowres, bad anatomy, bad hands, text, error, missing fingers, extra digit, fewer digits, cropped, worst quality, low quality, normal quality, jpeg artifacts, signature, watermark, username, blurry,tits, huge breast,poorly drawn face, poorly drawn asymmetrical eyes, big ears, mutated face,extra nipples,mutated hands and fingers, intricate human hands fingers, poorly drawn hands, malformed hands, bad hands,blur,deformed, bad anatomy, disfigured, mutation, mutated, extra limbs, ugly, fat, missing limb, floating limbs, disconnected limbs,long neck, long body, part of the head, mutated hands and fingers, intricate human hands fingers, poorly drawn hands, malformed hands, poorly drawn face, poorly drawn asymmetrical eyes,2faces,water mark,huge breasts,(huge breasts:1.5),cleavage of huge breasts,(pablo picasso), (H.R. Giger), (Gustave Dore), (Chaim Soutine), (Flora Borsi), (vincent van gogh), (paul gauguin), cubism,cowboy shot,cowboy,lowres, bad anatomy, bad hands, text, error, missing fingers, extra digit, fewer digits, cropped, worst quality, low quality, normal quality, jpeg artifacts, signature,watermark,username,blurry,(((nose)))"
qipao,"masterpiece, best quality, 1girl from genshin impact, qipao, legs spread widely, blush,full body,cameltoe,navel,big breasts, wet clothes,dramatic angle, cinematic lighting",
penetrated," (((masterpiece))),best quality,beautiful detailed star sky,((beautiful flower lotus sea)), beautiful detailed pink blue eyes, looking down, cat paws,long beautiful white hair,hair ornament, hair flower, cute, white flower,white_socks ,parted lips, dynamic angle, blurry,shirt, Cat_ ears,little girl,[female_child:1.4],full body,loose coat,(Blue pick dye),wet_queen_dress,thighhighs,bound_wrists,wavy hair, messy hair,dishevled hair, small breasts,(virgin:1.5) (((cum inside))) ((wet labia)) spread legs, white fluid flow from pussy,  ((ejaculating while penetrated))",
anything 3 gold,"1girl, devil ,wings, arched_back ,floating, light shafts, ultra quality, hd, blonde hair, disgaea video game artwork, detailed eyes, midriff, backlighting, medium breasts, dress, horns, high quality lighting, short hair, halo, blushing, smiling, hair blowing, the fires of hell background, detailed face, beams of fire, fire particles, shiny skin, sweat","(ugly:1.3), (fused fingers), (too many fingers), (bad anatomy:1.5), (watermark:1.5), (words), letters, untracked eyes, asymmetric eyes, floating head, (logo:1.5), (bad hands:1.3), (mangled hands:1.2), (missing hands), (missing arms), backward hands, floating jewelry, unattached jewelry, floating head, doubled head, unattached head, doubled head, head in body, (misshapen body:1.1), (badly fitted headwear:1.2), floating arms, (too many arms:1.5), limbs fused with body, (facial blemish:1.5), badly fitted clothes, imperfect eyes, untracked eyes, crossed eyes, hair growing from clothes, partial faces, hair not attached to head"
img2img,"Beautiful woman with blonde hair wearing burgundy dress, standing in desert, palm tree in the background, clear skies with scattered clouds, blue jeep in the foreground, cracked soil, nevada desert, hot weather, scorching sun, model photoshoot","canvas frame, cartoon, 3d, ((disfigured)), ((bad art)), ((deformed)),((extra limbs)),((close up)),((b&w)), weird colors, blurry, (((duplicate))), ((morbid)), ((mutilated)), [out of frame], extra fingers, mutated hands, ((poorly drawn hands)), ((poorly drawn face)), (((mutation))), (((deformed))), ((ugly)), blurry, ((bad anatomy)), (((bad proportions))), ((extra limbs)), cloned face, (((disfigured))), out of frame, ugly, extra limbs, (bad anatomy), gross proportions, (malformed limbs), ((missing arms)), ((missing legs)), (((extra arms))), (((extra legs))), mutated hands, (fused fingers), (too many fingers), (((long neck))), Photoshop, video game, ugly, tiling, poorly drawn hands, poorly drawn feet, poorly drawn face, out of frame, mutation, mutated, extra limbs, extra legs, extra arms, disfigured, deformed, cross-eye, body out of frame, blurry, bad art, bad anatomy, 3d render"
nsfw2,"torn clothes,see-through,pussy focus,(((masterpiece))),best quality,beautiful detailed star sky,((beautiful flower lotus sea)), beautiful detailed pink blue eyes, leotard",
P BEST Q," (best quality:1.2), (ultra detailed:1.2), (ultra highres:1.2), (delicate illustration:1.2), 1girl, solo",
PN 华丽,"best quality ,masterpiece, illustration, an extremely delicate and beautiful, extremely detailed ,CG ,unity ,8k wallpaper, Amazing, finely detail, masterpiece, best quality, official art, extremely detailed CG unity 8k wallpaper, ultra-detailed, highres, extremely detailed,from behind, beautiful detailed girl, extremely detailed eyes and face, beautiful detailed eyes, light on face, 1girl, (18yo:1.2), glaring, serious,  (galaxy:1.2), star \(sky\), (night sky:1.4), outdoors, (upper body:1.4), detailed sky, night, (arms at sides:1.4), bule eyes, china dress, east asian architecture,  see-through,  (anal tail:1.2),","sketches, (worst quality:2), (low quality:2), (normal quality:2), lowres, normal quality, ((monochrome)), ((grayscale)), skin spots, acnes, skin blemishes, bad anatomy, (long hair:1.4), DeepNegative, (fat:1.2), facing away, tilted head, {Multiple people}, lowres, bad anatomy, bad hands, text, error, missing fingers, extra digit, fewer digits, cropped, worstquality, low quality, normal quality, jpegartifacts, signature, watermark, username, blurry, bad feet, cropped, poorly drawn hands, poorly drawn face, mutation, deformed, worst quality, low quality, normal quality, jpeg artifacts, signature, watermark, extra fingers, fewer digits, extra limbs, extra arms,extra legs, malformed limbs, fused fingers, too many fingers, long neck, cross-eyed,mutated hands, polar lowres, bad body, bad proportions, gross proportions, text,error, missing fingers,missing arms, missing legs, extra digit, extra arms, extra leg, extra foot, EasyNegative, (earrings:1.6)"
GRAPEFRUIT,"masterpiece, best quality, detailed, 1girl, pink eyes, long hair, black hair, (grapefruit in front), (temple in the background), sitting, red kimono, medium breasts, topless, light smile, arms behind back, water, sunset, hair ornament,","(worst quality, low quality:1.4), signature,"
grape hang,"rope,bondage,{{{hang}}}, {{{climax}}},{{{blow}}},masterpiece, best quality, 1girl, spread legs, sex, nude, large breasts, vaginal, open mouth, brown eyes, long hair, cum, black hair, on bed, pov,","(worst quality, low quality:1.4),"
Foot on camera,"(foot on camera:1.5),{{{sfw}}},{{{flowers}}},{{{masterpiece}}}, best quality, illustration, sunlight, beautiful detailed eyes,{{bondage}} ,{spring},{full body},low angle,light from camera, 1girl","longbody, lowres, bad anatomy, bad hands, missing fingers, extra digit, fewer digits, cropped, worst quality, low quality, (ugly:1.3), (fused fingers), (too many fingers), (bad anatomy:1.5), (watermark:1.5), (words), letters, untracked eyes, asymmetric eyes, floating head, (logo:1.5), (bad hands:1.3), (mangled hands:1.2), (missing hands), (missing arms), backward hands, floating jewelry, unattached jewelry, floating head, doubled head, unattached head, doubled head, head in body, (misshapen body:1.1), (badly fitted headwear:1.2), floating arms, (too many arms:1.5), limbs fused with body, (facial blemish:1.5), badly fitted clothes, imperfect eyes, untracked eyes, crossed eyes, hair growing from clothes, partial faces, hair not attached to head"
leotard,"milking machine, 1girl, white hair, purple eyes, lactation, upper body, standing, large breasts, nipples, halo, leotard, leaning forward, from side, arms behind back, bondage",
1loli,"<lora:Iroha:1>,<lora:slingshotEyepatch_v11:1>,(((loli,(petite,10 years old,flat chest)))),(light smile,beautiful detailed eyes, ),best quality, ultra high res,(photorealistic:1),1girl,(detailed face:1), (no make-up:1.2), 1little girl, ((Shiny skin)),hat, (eyepatch bikini),red long hair, flat chest, (classroom), hotel, looking at viewer, smiling, kawaii, smile, (Soft face), round face, illumination,",
格子 layout,"table layout of nine unique and realistic girl emojis, highly detailed, 8k, octane render",
folded,"masterpiece,best quality,CG,wallpaper,HDR,high quality,high-definition,extremely detailed,1girl, nsfw, 3d, blender,folded <lora:foldedPose_v1:1>","(worst quality, low quality:1.4),"
jack-o challenge,"jack-o' challenge, flexible, spread legs, top-down bottom-up <lora:jackOChallengePoseLora_jackoposefront:1>","(ugly:1.3), (fused fingers), (too many fingers), (bad anatomy:1.5), (watermark:1.5), (words), letters, untracked eyes, asymmetric eyes, floating head, (logo:1.5), (bad hands:1.3), (mangled hands:1.2), (missing hands), (missing arms), backward hands, floating jewelry, unattached jewelry, floating head, doubled head, unattached head, doubled head, head in body, (misshapen body:1.1), (badly fitted headwear:1.2), floating arms, (too many arms:1.5), limbs fused with body, (facial blemish:1.5), badly fitted clothes, imperfect eyes, untracked eyes, crossed eyes, hair growing from clothes, partial faces, hair not attached to head"
insha 1," <lora:色 衣 纱裙negligee, dress, frills附:1>, negligee, dress, frills,",
insha 2," <lora:色 衣 纱裙negligee, dress, frills附:1>, babydoll, navel, underwear, see-through,",
7bride,"<lora:色 衣 纱裙negligee, dress, frills附:0.7>negligee, dress, frills,(7girls:1.6),  negligee, dress, frills,, (((masterpiece))),(child female:1),best quality,ultra-detail, illustration, close-up, focus on pussy, 1 girl,  blue eyes, long hair, halo,looking into the distance,beautiful detailed pink blue eyes, long beautiful white hair,hair ornament, hair flower, cute, white flower,white_socks ,parted lips, blurry, (((little girl))), loose coat,thighhighs,bound_wrists,wavy hair, messy hair,dishevled hair, (virgin:1.5), nude,(((cum inside))), ((wet labia)),(hands up),(((white fluid flow  from pussy))),large breasts",
P climax bondage,"1girl,(orgasm:1),(bondage:1.33),nude,naked,  blush,   solo,  school student, full body, sex, cute,   wet,  open skirt, Tattered underwear,   worst face, shame, sex toys, pussy juice,  dynamic angle",
povImmPenetration," <lora:povImminentPenetration_ipv1:1> 1boy, penis, imminent penetration, lying, on back, spread legs.","(worst quality, low quality:1.4),"
PN_girl,"symmetrical,High detail RAW color photo professional close photograph, [:(highly detail face: 1.2):0.1], (PureErosFace_V1:0.6), twintails, half body, pore, real human skin, a portrait of a 18yo woman bathing in a river,body contact water and ripple around, reeds,clear and clean water, shiny eyes,looking at viewer, wearing tight sleeve sweater, wet clothes, see-through clothes, nipples, wet body, wet hair, tindal effect,lens flare,shade, bloom, backlighting, depth of field, natural lighting, hard focus, film grain, photographed with a Sony a9 II Mirrorless Camera, by Laurence Demaison,huge breasts,<lora:japaneseDollLikeness_v10:0.3>,legs slightly spread
","NG_DeepNegative_V1_75T, disabled body,extra head,extra person,duplicate, copy, cropped, lowres, bad anatomy, bad hands, text, error, missing fingers, extra digit, fewer digits, cropped, worst quality, low quality, normal quality, jpeg artifacts, signature, watermark, username, blurry, crown, hat, chromatic aberration, child"
PN_Fasion,"masterpiece,best quality,absurdres,original,extremely delicate and beautiful,beautiful detailed eyes and face,1girl, black_hair, flower, japanese_clothes, looking_at_viewer, mole, red_flower, solo,(masterpiece:1.4),(best quality:1.4)
 <lora:fashionGirl_v36:1>  ","(low quality:1.3), (worst quality:1.3),(monochrome:0.8),(deformed:1.3),(malformed hands:1.4),(poorly drawn hands:1.4),(mutated fingers:1.4),(bad anatomy:1.3),(extra limbs:1.35),(poorly drawn face:1.4),(signature:1.2),(artist name:1.2),(watermark:1.2)
"
P SpreadPussy,"<lora:spreadPussy_v10:1>(spread pussy) ,GAPING,CLITORIS
",
P_glassJar," <lora:girlsInGlassJarsV2_v2AnimeEdition:1>, GLASS JAR,SHRUNKEN
",
P micro world,"DUSKAMETRIC15,MICROWORLD,
",
P lactation (into cup), <lora:lactation_v10:1>  (lactation),
P water droplets,"1girl,(water droplets from pussy:1.33), nude,nsfw",
P Droplets flowers controlnet,"(droplets:1),flowers, {{{masterpiece}}}, best quality, illustration, (((masterpiece))),best quality,ultra-detail, illustration, close-up, focus on pussy,  blue eyes, long hair, halo,looking into the distance,beautiful detailed pink blue eyes, looking down,long beautiful white hair,hair ornament, hair flower, cute, white flower,white_socks ,parted lips, blurry, loose coat,thighhighs,bound_wrists,wavy hair, messy hair,dishevled hair, (virgin:1.5)",
P loli flood,"(child female:1), (little girl:1.6),(large breasts:1.7),(((cum inside))), ((wet labia)),((spread legs)),(hands up),(((white fluid flow  from pussy))), (((masterpiece))),nude,best quality,ultra-detail, illustration, close-up, focus on pussy, 1 girl,  blue eyes, long hair, looking into the distance,beautiful detailed pink blue eyes, looking down,long beautiful hair,hair ornament, hair flower, cute, white flower,white_socks ,parted lips, blurry,  loose coat,thighhighs,bound_wrists,wavy hair, messy hair,dishevled hair, (virgin:1.5),",
P hang on tree,"(bondage:1.7),(hang on tree:1.33),flowers",
P Bond Flood,"nude, (bondage:1.7),(hang on tree:1.33),flowers, (((masterpiece))),best quality,beautiful detailed star sky,((beautiful flower lotus sea)), beautiful detailed pink blue eyes, looking down, cat paws,long beautiful white hair,hair ornament, hair flower, cute, white flower, dynamic angle, blurry,shirt, full body,loose coat,(Blue pick dye),wet_queen_dress,thighhighs,bound_wrists,wavy hair, messy hair,dishevled hair, small breasts,(virgin:1.5) (((cum inside))) ((wet labia)) spread legs, white fluid flow from pussy,  ((ejaculating while penetrated))",
PN_bon,"rope,bondage,{{{hang}}}, {{{climax}}},{{{blow}}},masterpiece, best quality, 1girl, spread legs, sex, nude, (large breasts:1.33, vaginal, open mouth, brown eyes, long hair, cum,  pov,, (child female:1), (little girl:1.2)","(worst quality, low quality:1.4),, (ugly:1.3), (fused fingers), (too many fingers), (bad anatomy:1.5), (watermark:1.5), (words), letters, untracked eyes, asymmetric eyes, floating head, (logo:1.5), (bad hands:1.3), (mangled hands:1.2), (missing hands), (missing arms), backward hands, floating jewelry, unattached jewelry, floating head, doubled head, unattached head, doubled head, head in body, (misshapen body:1.1), (badly fitted headwear:1.2), floating arms, (too many arms:1.5), limbs fused with body, (facial blemish:1.5), badly fitted clothes, imperfect eyes, untracked eyes, crossed eyes, hair growing from clothes, partial faces, hair not attached to head"
N simple, <lora:orangeslushymixBuffUp_v10:.6>," (low quality, worst quality:1.4) or (worst quality:1.2, low quality, normal quality, low resolution, lowres:1.4)"
PN_盆栽,"Editorial Style Photo, Eye Level, girls on Bonsai  Tree, Task Lighting, Inspiring and Awesome,Beautiful,  Symmetric, 4k","(worst quality, low quality:1.4),"
P 巨大化,"<lora:pvcGiantessLora_v1:1> tiltshift,CITY,building",
P animeClimax,"1girl,(orgasm:1.5),(bondage:1.33),nude,naked,  blush,   solo,  school student, full body, sex, cute,   wet,  open skirt, Tattered underwear,  RAW, fear face, fear, shame, sex toys, pussy juice, one leg lift-up, , cum on tits, restrained with many rope, dynamic angle, crying, neckerchief,  "," 
"
P animeClimax2,"1girl,(orgasm:1.2),(bondage:1.33),nude,   solo,  class room,  sex, cute,   wet,  open skirt, Tattered underwear,   worst face, shame, sex toys, pussy juice,  dynamic angle",
P animeClimaxHires,"1girl,(orgasm:1.6),(bondage:1.6),nude,   solo,  class room,  sex, cute,   wet,  Tattered underwear,   worst face, shame, sex toys, pussy juice,  dynamic angle",
P animeCliBon,"1girl,(orgasm:1.5),(bondage:1.33),   solo, school student,   sex, cute,   wet,  Tattered underwear, color hair,  worst face, shame, sex toys, pussy juice,  dynamic angle,(nude:.7),large breasts",
P rattan bon,"green (rattan bondage:1.6),LEAF,GRASS,(((masterpiece))),best quality,ultra-detail, illustration, long hair, looking into the distance,beautiful detailed pink blue eyes,  hair flower, cute, white flower,parted lips, (virgin:1), (((nude)))","(worst quality, low quality:1.4), EasyNegative, bad anatomy, bad hands, cropped, missing fingers, too many fingers, missing arms, long neck, Humpbacked, deformed, disfigured, poorly drawn face, distorted face, mutation, mutated, extra limb, ugly, poorly drawn hands, missing limb, floating limbs, disconnected limbs, malformed hands, out of focus, long body, monochrome, symbol, {text}, {logo}, {brand mark}, decoration, naked"
PN cute,"danbooru, (child female:1), (little girl:1.6),(large breasts:1.7),(((cum inside))), ((wet labia)),((spread legs)),(hands up),(((white fluid flow  from pussy))), (((masterpiece))),nude,best quality,ultra-detail, illustration, close-up, focus on pussy, 1 girl,  blue eyes, long hair, looking into the distance,beautiful detailed pink blue eyes, looking down,long beautiful hair,hair ornament, hair flower, cute, white flower,white_socks ,parted lips, blurry,  loose coat,thighhighs,bound_wrists,wavy hair, messy hair,dishevled hair, (virgin:1.5),","(worst quality, low quality:1.4), (ugly:1.3), (fused fingers), (too many fingers), (bad anatomy:1.5), (watermark:1.5), (words), letters, untracked eyes, asymmetric eyes, floating head, (logo:1.5), (bad hands:1.3), (mangled hands:1.2), (missing hands), (missing arms), backward hands, floating jewelry, unattached jewelry, floating head, doubled head, unattached head, doubled head, head in body, (misshapen body:1.1), (badly fitted headwear:1.2), floating arms, (too many arms:1.5), limbs fused with body, (facial blemish:1.5), badly fitted clothes, imperfect eyes, untracked eyes, crossed eyes, hair growing from clothes, partial faces, hair not attached to head"
PN pee,"HANG,(DROPLETS:1.33),(PISS,PEE:1.7),spread leg, 1girl,(orgasm:1.5),(bondage:1.33),   solo, school student,   sex, cute,   wet,  Tattered underwear, color hair,  worst face, shame, sex toys, pussy juice,  dynamic angle,(nude:.7),large breasts","(worst quality, low quality:1.4),"
P cutedoll," <lora:cutedoll_v61:0.5>,best quality, masterpiece, ultra high res, (photorealistic:1.4), 1girl, looking at viewer,  dark eyes,50mm portrait photography,beach,(small breast),(nude),long profile
",
PN cutebon," <lora:cutedoll_v61:0.5>,best quality, masterpiece, ultra high res, (photorealistic:1.4), 1girl, looking at viewer,  dark eyes,50mm portrait photography,(small breast),(nude),long profile, 1girl,(orgasm:1.5),(bondage:1.6),   solo, school student,   sex, cute,   wet,  Tattered underwear, color hair,  worst face, shame, sex toys, pussy juice,  dynamic angle,(nude:.7),large breasts","(worst quality, low quality:1.4), (ugly:1.3), (fused fingers), (too many fingers), (bad anatomy:1.5), (watermark:1.5), (words), letters, untracked eyes, asymmetric eyes, floating head, (logo:1.5), (bad hands:1.3), (mangled hands:1.2), (missing hands), (missing arms), backward hands, floating jewelry, unattached jewelry, floating head, doubled head, unattached head, doubled head, head in body, (misshapen body:1.1), (badly fitted headwear:1.2), floating arms, (too many arms:1.5), limbs fused with body, (facial blemish:1.5), badly fitted clothes, imperfect eyes, untracked eyes, crossed eyes, hair growing from clothes, partial faces, hair not attached to head"
PN alfamix,"(An intricate forest minitown landscape and 1 girl trapped in a bottle), atmospheric oliva lighting, on the table, 4k UHD, dark vibes, hyper detailed, vibrant colours forest background, epic composition, octane render, sharp focus, high resolution isometric
","semi-realistic, cgi, sketch, cartoon, drawing,( out of frame:1.1), worst quality, low quality, jpeg artifacts, poorly drawn
"
P SM deepdanbooru,"arms_behind_back,bdsm, bondage, bound, bound_ankles, bound_arms, bound_legs, bound_wrists, box_tie, breast_bondage, crotch_rope,red_rope, restrained, rope, shibari, shibari_over_clothes, suspension, bangs, frogtie, parted_bangs, tape, femdom, red_eyes, breasts, saliva, ribbon_bondage, nose_blush, white_legwear, dress, chained, looking_at_viewer, blush, 1girl, long_sleeves, ring_gag, spreader_bar, skindentation,cat_ears, gloves, bare_shoulders， ",
SFW," 1girl,{{SFW}}，{{{masterpiece}}}, best quality, illustration","(worst quality, low quality:1.4), (ugly:1.3), (fused fingers), (too many fingers), (bad anatomy:1.5), (watermark:1.5), (words), letters, untracked eyes, asymmetric eyes, floating head, (logo:1.5), (bad hands:1.3), (mangled hands:1.2), (missing hands), (missing arms), backward hands, floating jewelry, unattached jewelry, floating head, doubled head, unattached head, doubled head, head in body, (misshapen body:1.1), (badly fitted headwear:1.2), floating arms, (too many arms:1.5), limbs fused with body, (facial blemish:1.5), badly fitted clothes, imperfect eyes, untracked eyes, crossed eyes, hair growing from clothes, partial faces, hair not attached to head"
P SM,"arms_behind_back,bdsm, bondage, bound, bound_ankles, bound_arms, bound_legs, bound_wrists, box_tie, breast_bondage, crotch_rope,red_rope, restrained, rope, shibari, shibari_over_clothes, suspension, bangs, frogtie, parted_bangs, tape, femdom, red_eyes, breasts, saliva, ribbon_bondage,  white_legwear, dress, chained, looking_at_viewer, blush, 1girl, long_sleeves,  spreader_bar, skindentation, gloves, bare_shoulders，","(worst quality, low quality:1.4),"
PN shenliClimaxBdsm,"(best quality:1.2), (ultra detailed:1.2), (ultra highres:1.2), (delicate illustration:1.2), 1girl, solo, <lora:genshinimpact_:1>, cry, cute, nude,white_socks ,parted lips, blurry,  loose coat,one breast out,thighhighs, (((cum inside))), ((wet labia)),((spread legs)),(((white fluid flow  from pussy))), arms_behind_back,bdsm, bondage, bound, bound_ankles, bound_arms, bound_legs, bound_wrists, box_tie, breast_bondage, crotch_rope,red_rope, restrained, rope, shibari, shibari_over_clothes, suspension, bangs, frogtie, parted_bangs, tape, femdom, red_eyes, breasts, saliva, ribbon_bondage,  white_legwear, dress, chained, looking_at_viewer, blush,  long_sleeves,  spreader_bar, skindentation, gloves, bare_shoulders，(orgasm:1.7),(bondage:1.33),   Tattered underwear,shame,  pussy juice, ","(worst quality, low quality:1.4), (depth of field, blurry:1.2), (greyscale, monochrome:1.1), 3D face, cropped, lowres, text, jpeg artifacts, signature, watermark, username, blurry, artist name, trademark, watermark, title, multiple view, Reference sheet, curvy, plump, fat,  strabismus,, (worst quality, low quality:1.4),"
